"Отметка времени","Выбери любимые предметы","Знаешь что такое машина Тьюринга?","Любишь играть в футбол?","Призер/победитель физтех-олимпиады(М/Ф)?","Любимый цвет","Знаешь когда родился Ландау?","Знаешь когда родился Капица?","Знаешь когда создали Физтех?","Пол","Кто такой Овчинкин?","Какие разделы математики интересуют вас больше всего?","Какие разделы физики в школе были интересны?","Какие разделы программирования в школе были вам интересны?","В какой физтех-школе вы учитесь?"
"2020/02/29 5:58:18 PM GMT+3","Физика;Математика","Нет","Да","Да","Красный","Нет","Нет","Нет","М","Физик","алгебра;теорвер, комбинаторика","электричество","никакие","ФРКТ"
"2020/02/29 5:59:10 PM GMT+3","Физика;Математика;Информатика","Да","Нет","Да","Красный","Нет","Нет","Да","М","Физик","алгебра","механика;электричество","проектное программирование;программирование микроконтроллеров","ФРКТ"
"2020/02/29 6:00:47 PM GMT+3","Математика;Информатика","Да","Да","Да","Синий","Нет","Да","Да","М","Физик","теорвер, комбинаторика","электричество","проектное программирование","ФРКТ"
"2020/02/29 6:00:57 PM GMT+3","Математика;Информатика;Биология","Да","Нет","Да","Зеленый","Нет","Нет","Нет","F","Физик","алгебра;теорвер, комбинаторика","механика","олимпиадные алгоритмы","ФПМИ"
"2020/02/29 6:01:07 PM GMT+3","Физика;Математика","Да","Нет","Нет","Красный","Нет","Нет","Да","F","Физик","алгебра","механика","никакие","ФЭФМ"
"2020/02/29 6:01:36 PM GMT+3","Математика;Информатика","Да","Нет","Нет","Красный","Нет","Нет","Да","М","Физик","алгебра","механика","проектное программирование;программирование микроконтроллеров","ФРКТ"
"2020/02/29 6:01:36 PM GMT+3","Физика;Математика;Информатика","Нет","Нет","Да","Зеленый","Нет","Нет","Нет","М","Физик","геометрия","механика;электричество;оптика","никакие","ФРКТ"
"2020/02/29 6:01:41 PM GMT+3","Математика;Информатика","Да","Да","Нет","Красный","Нет","Нет","Да","М","Физик","алгебра;теорвер, комбинаторика","механика;электричество","проектное программирование;программирование микроконтроллеров","ФАКТ"
"2020/02/29 6:01:44 PM GMT+3","Информатика","Да","Нет","Да","Синий","Нет","Нет","Нет","М","Физик","теорвер, комбинаторика","электричество","проектное программирование","ФРКТ"
"2020/02/29 6:01:49 PM GMT+3","Физика;Математика;Информатика;Биология","Да","Нет","Нет","Синий","Нет","Нет","Да","F","Физик","теорвер, комбинаторика","электричество;оптика","олимпиадные алгоритмы","ФРКТ"
"2020/02/29 6:01:52 PM GMT+3","Физика;Математика;Информатика","Да","Нет","Да","Синий","Нет","Нет","Да","М","Физик","геометрия;алгебра;теорвер, комбинаторика","механика;электричество","олимпиадные алгоритмы","ФАКТ"
"2020/02/29 6:02:01 PM GMT+3","Математика;Информатика","Да","Нет","Да","Белый","Нет","Нет","Да","F","Физик","теорвер, комбинаторика","механика","проектное программирование","ФРКТ"
"2020/02/29 6:02:01 PM GMT+3","Математика","Нет","Нет","Нет","Желтый","Нет","Нет","Да","F","Физик","алгебра;теорвер, комбинаторика","механика","никакие","ФРКТ"
"2020/02/29 6:02:05 PM GMT+3","Физика;Математика;Информатика","Нет","Нет","Да","Синий","Нет","Нет","Да","М","Физик","алгебра","механика;электричество","проектное программирование","ФРКТ"
"2020/02/29 6:02:10 PM GMT+3","Физика","Нет","Да","Да","Синий","Нет","Нет","Да","М","Физик","алгебра","механика","никакие","ФРКТ"
"2020/02/29 6:02:11 PM GMT+3","Физика;Математика;Информатика","Да","Нет","Да","Синий","Нет","Нет","Да","М","Физик","алгебра;теорвер, комбинаторика","механика;электричество","олимпиадные алгоритмы","ФРКТ"
"2020/02/29 6:02:21 PM GMT+3","Физика;Математика;Информатика","Да","Нет","Да","Красный","Нет","Нет","Да","М","Физик","алгебра","механика","проектное программирование;программирование микроконтроллеров","ФРКТ"
"2020/02/29 6:02:29 PM GMT+3","Физика;Математика;Информатика","Да","Нет","Да","Красный","Нет","Нет","Да","М","Физик","теорвер, комбинаторика","механика;электричество","проектное программирование","ФРКТ"
"2020/02/29 6:02:44 PM GMT+3","Физика;Математика;Информатика","Нет","Нет","Да","Белый","Нет","Нет","Нет","М","Физик","геометрия;алгебра;теорвер, комбинаторика","механика;электричество;оптика","никакие","ФРКТ"
"2020/02/29 6:02:45 PM GMT+3","Математика","Да","Нет","Нет","Синий","Нет","Нет","Нет","М","Физик","алгебра;теорвер, комбинаторика","механика","олимпиадные алгоритмы","ФПМИ"
"2020/02/29 6:02:48 PM GMT+3","Физика;Информатика","Да","Нет","Да","Зеленый","Нет","Нет","Да","М","Физик","теорвер, комбинаторика","механика;электричество;оптика","олимпиадные алгоритмы","ФРКТ"
"2020/02/29 6:02:56 PM GMT+3","Математика","Да","Нет","Да","Зеленый","Нет","Нет","Нет","М","Физик","теорвер, комбинаторика","механика","никакие","ФПМИ"
"2020/02/29 6:02:59 PM GMT+3","Физика;Математика;Информатика","Да","Да","Да","Синий","Нет","Нет","Да","М","Физик","теорвер, комбинаторика","механика;электричество","олимпиадные алгоритмы;проектное программирование","ФПМИ"
"2020/02/29 6:03:01 PM GMT+3","Физика;Информатика","Нет","Нет","Да","Желтый","Нет","Нет","Нет","М","Физик","теорвер, комбинаторика","механика;электричество;оптика","программирование микроконтроллеров","ФРКТ"
"2020/02/29 6:03:01 PM GMT+3","Физика;Математика","Нет","Нет","Да","Синий","Нет","Нет","Да","М","Физик","теорвер, комбинаторика","электричество","никакие","ФРКТ"
"2020/02/29 6:03:09 PM GMT+3","Математика;Информатика","Да","Да","Да","Синий","Нет","Нет","Да","F","Физик","теорвер, комбинаторика","оптика","проектное программирование","ФРКТ"
"2020/02/29 6:03:29 PM GMT+3","Физика;Математика;Химия","Да","Да","Да","Зеленый","Нет","Нет","Да","М","Физик","алгебра","электричество","никакие","ФРКТ"
"2020/02/29 6:03:36 PM GMT+3","Физика;Математика;Информатика","Да","Да","Да","Зеленый","Нет","Нет","Да","М","Физик","геометрия;теорвер, комбинаторика","механика;электричество","олимпиадные алгоритмы;проектное программирование","ФРКТ"
"2020/02/29 6:03:43 PM GMT+3","Физика;Математика;Информатика","Да","Да","Нет","Красный","Да","Да","Да","М","Физик","алгебра;теорвер, комбинаторика","электричество","никакие","ФРКТ"
"2020/02/29 6:04:00 PM GMT+3","Физика;Математика;Информатика","Да","Да","Да","Белый","Нет","Нет","Да","М","Физик","геометрия","механика;электричество","проектное программирование;программирование микроконтроллеров","ФРКТ"
"2020/02/29 6:04:02 PM GMT+3","Математика","Да","Нет","Да","Зеленый","Да","Да","Да","F","Физик","алгебра","электричество","никакие","ЛФИ"
"2020/02/29 6:04:05 PM GMT+3","Математика;Информатика;Химия","Да","Нет","Нет","Красный","Нет","Нет","Да","F","Физрук","алгебра;теорвер, комбинаторика","электричество;оптика","никакие","ФРКТ"
"2020/02/29 6:04:11 PM GMT+3","Информатика","Да","Нет","Да","Зеленый","Нет","Нет","Нет","М","Физик","теорвер, комбинаторика","механика","никакие","ФРКТ"
"2020/02/29 6:04:12 PM GMT+3","Математика;Информатика","Да","Да","Нет","Синий","Нет","Нет","Нет","М","Физик","алгебра;теорвер, комбинаторика","механика","никакие","ФРКТ"
"2020/02/29 6:04:16 PM GMT+3","Математика","Да","Да","Да","Красный","Нет","Нет","Да","М","Физик","теорвер, комбинаторика","механика;оптика","олимпиадные алгоритмы","ФПМИ"
"2020/02/29 6:04:17 PM GMT+3","Математика","Да","Нет","Нет","Красный","Нет","Нет","Да","М","Физик","алгебра","механика;электричество","никакие","ФПМИ"
"2020/02/29 6:04:25 PM GMT+3","Физика;Математика;Информатика","Да","Да","Да","Белый","Нет","Нет","Да","М","Физик","алгебра;теорвер, комбинаторика","электричество","проектное программирование","ФРКТ"
"2020/02/29 6:04:29 PM GMT+3","Физика;Информатика","Да","Нет","Да","Желтый","Нет","Нет","Да","UnKnown","Физик","теорвер, комбинаторика","механика;электричество;оптика;термодинамика","проектное программирование","ФПМИ"
"2020/02/29 6:04:32 PM GMT+3","Математика;Биология","Да","Нет","Нет","Зеленый","Нет","Нет","Нет","F","Физик","алгебра","оптика","никакие","ФАКТ"
"2020/02/29 6:04:33 PM GMT+3","Физика;Математика;Информатика","Да","Нет","Да","Красный","Нет","Нет","Да","М","Физрук","геометрия;алгебра;теорвер, комбинаторика","механика;электричество;оптика;термодинамика","олимпиадные алгоритмы;проектное программирование;программирование микроконтроллеров","ФПМИ"
"2020/02/29 6:04:38 PM GMT+3","Математика;Информатика","Да","Да","Да","Зеленый","Нет","Нет","Да","М","Физик","алгебра;теорвер, комбинаторика","механика;электричество","олимпиадные алгоритмы","ФПМИ"
"2020/02/29 6:04:54 PM GMT+3","Математика;Информатика","Да","Нет","Да","Красный","Нет","Нет","Да","М","Физик","теорвер, комбинаторика","электричество","олимпиадные алгоритмы","ФРКТ"
"2020/02/29 6:04:54 PM GMT+3","Физика;Математика;Информатика","Да","Нет","Да","Белый","Нет","Нет","Да","М","Физик","теорвер, комбинаторика","механика","никакие;проектное программирование","ФПМИ"
"2020/02/29 6:04:56 PM GMT+3","Физика;Математика;Информатика","Да","Нет","Да","Синий","Нет","Нет","Нет","М","Физик","алгебра","электричество","олимпиадные алгоритмы","ФРКТ"
"2020/02/29 6:05:02 PM GMT+3","Физика","Нет","Нет","Да","Синий","Да","Да","Да","F","Физик","алгебра","механика;электричество;оптика;термодинамика","никакие","ФБМФ"
"2020/02/29 6:05:06 PM GMT+3","Физика","Да","Да","Да","Красный","Нет","Нет","Да","М","Физик","теорвер, комбинаторика","механика;оптика;термодинамика","никакие","ФПМИ"
"2020/02/29 6:05:10 PM GMT+3","Математика;Информатика","Да","Нет","Нет","Синий","Да","Нет","Да","М","Физик","алгебра;теорвер, комбинаторика","электричество","проектное программирование","ФРКТ"
"2020/02/29 6:05:15 PM GMT+3","Физика;Математика;Информатика","Да","Нет","Да","Красный","Нет","Нет","Да","М","Физик","алгебра;теорвер, комбинаторика","электричество;термодинамика","никакие","ФПМИ"
"2020/02/29 6:05:31 PM GMT+3","Математика;Информатика","Да","Да","Да","Красный","Нет","Нет","Да","М","Физик","алгебра;теорвер, комбинаторика","оптика","проектное программирование","ФПМИ"
"2020/02/29 6:05:33 PM GMT+3","Химия","Нет","Нет","Нет","Зеленый","Нет","Нет","Нет","F","Физрук","геометрия","оптика;термодинамика","олимпиадные алгоритмы","ФАКТ"
"2020/02/29 6:05:34 PM GMT+3","Информатика","Да","Нет","Да","Красный","Нет","Нет","Нет","М","Физик","теорвер, комбинаторика","электричество","никакие","ФПМИ"
"2020/02/29 6:05:40 PM GMT+3","Физика","Да","Да","Да","Синий","Нет","Нет","Да","М","Физик","теорвер, комбинаторика","электричество;оптика;термодинамика","никакие","ФРКТ"
"2020/02/29 6:05:40 PM GMT+3","Физика;Информатика","Да","Нет","Нет","Синий","Да","Да","Да","М","Физик","теорвер, комбинаторика","электричество","проектное программирование","ФРКТ"
"2020/02/29 6:05:40 PM GMT+3","Математика;Биология","Нет","Нет","Нет","Синий","Нет","Нет","Да","F","Физик","геометрия;теорвер, комбинаторика","механика","никакие","ФБМФ"
"2020/02/29 6:05:40 PM GMT+3","Математика;Информатика","Да","Да","Нет","Синий","Нет","Нет","Нет","М","Физик","алгебра;теорвер, комбинаторика","механика;электричество","проектное программирование;программирование микроконтроллеров","ФПМИ"
"2020/02/29 6:05:46 PM GMT+3","Математика;Информатика","Да","Нет","Нет","Красный","Нет","Нет","Нет","М","Физик","алгебра","термодинамика","проектное программирование","ФПМИ"
"2020/02/29 6:05:46 PM GMT+3","Математика","Да","Нет","Да","Белый","Нет","Нет","Да","М","Физик","алгебра;теорвер, комбинаторика","оптика","олимпиадные алгоритмы","ФПМИ"
"2020/02/29 6:06:08 PM GMT+3","Математика;Биология","Нет","Нет","Да","Синий","Нет","Нет","Да","F","Физик","алгебра","электричество;оптика","никакие","ФБМФ"
"2020/02/29 6:06:08 PM GMT+3","Физика;Математика;Информатика","Да","Нет","Да","Синий","Нет","Нет","Да","F","Физик","алгебра;теорвер, комбинаторика","механика;оптика","олимпиадные алгоритмы","ФПМИ"
"2020/02/29 6:06:25 PM GMT+3","Физика;Информатика","Да","Нет","Да","Желтый","Нет","Нет","Да","М","Физик","теорвер, комбинаторика","электричество;оптика","проектное программирование;программирование микроконтроллеров","ФЭФМ"
"2020/02/29 6:06:25 PM GMT+3","Физика;Информатика;Химия","Да","Да","Нет","Зеленый","Нет","Нет","Да","М","Физик","геометрия","механика;электричество;оптика","олимпиадные алгоритмы","ФАКТ"
"2020/02/29 6:06:26 PM GMT+3","Математика;Информатика","Нет","Нет","Нет","Красный","Нет","Нет","Да","М","Физик","алгебра;теорвер, комбинаторика","механика;электричество;термодинамика","никакие","ФРКТ"
"2020/02/29 6:06:29 PM GMT+3","Физика;Математика;Информатика","Да","Да","Да","Красный","Да","Нет","Да","М","Физик","геометрия;алгебра;теорвер, комбинаторика","механика;электричество;оптика;термодинамика","олимпиадные алгоритмы","ФРКТ"
"2020/02/29 6:06:38 PM GMT+3","Физика;Математика;Информатика","Да","Нет","Да","Зеленый","Нет","Нет","Нет","М","Физик","теорвер, комбинаторика","механика;электричество","олимпиадные алгоритмы;проектное программирование","ФПМИ"
"2020/02/29 6:06:42 PM GMT+3","Математика;Информатика","Да","Да","Да","Синий","Нет","Нет","Нет","М","Физик","геометрия;алгебра;теорвер, комбинаторика","электричество","олимпиадные алгоритмы;проектное программирование","ФРКТ"
"2020/02/29 6:06:59 PM GMT+3","Математика;Информатика","Да","Нет","Да","Желтый","Нет","Нет","Нет","F","Физик","алгебра","механика;термодинамика","никакие","ФПМИ"
"2020/02/29 6:07:03 PM GMT+3","Математика","Да","Да","Да","Красный","Нет","Нет","Да","М","Физик","теорвер, комбинаторика","механика","никакие","ФПМИ"
"2020/02/29 6:07:18 PM GMT+3","Физика;Математика","Да","Нет","Да","Синий","Нет","Нет","Да","М","Физик","алгебра;теорвер, комбинаторика","механика;электричество","олимпиадные алгоритмы","ФПМИ"
"2020/02/29 6:07:18 PM GMT+3","Физика;Математика;Информатика","Нет","Нет","Да","Зеленый","Нет","Нет","Да","М","Физик","алгебра;теорвер, комбинаторика","электричество;термодинамика","никакие","ФРКТ"
"2020/02/29 6:07:40 PM GMT+3","Информатика;Химия","Нет","Нет","Да","Синий","Нет","Нет","Да","F","Физик","теорвер, комбинаторика","электричество","никакие","ФЭФМ"
"2020/02/29 6:07:42 PM GMT+3","Физика;Математика;Информатика","Да","Нет","Да","Зеленый","Нет","Нет","Да","М","Физик","геометрия;теорвер, комбинаторика","электричество;оптика;термодинамика","никакие","ФРКТ"
"2020/02/29 6:07:49 PM GMT+3","Физика;Математика;Информатика","Нет","Да","Нет","Синий","Нет","Нет","Да","М","Физик","геометрия;алгебра","электричество","проектное программирование","ФРКТ"
"2020/02/29 6:08:13 PM GMT+3","Математика;Информатика","Да","Нет","Да","Красный","Да","Да","Да","М","Физик","алгебра;теорвер, комбинаторика","электричество;термодинамика","олимпиадные алгоритмы","ФПМИ"
"2020/02/29 6:08:14 PM GMT+3","Физика;Математика;Биология","Да","Да","Да","Желтый","Нет","Нет","Да","М","Физрук","геометрия;алгебра","механика;электричество","проектное программирование","ЛФИ"
"2020/02/29 6:08:27 PM GMT+3","Физика;Математика;Информатика","Да","Да","Да","Синий","Нет","Нет","Нет","F","Физик","алгебра;теорвер, комбинаторика","оптика;термодинамика","никакие","ФПМИ"
"2020/02/29 6:08:30 PM GMT+3","Физика;Математика","Нет","Да","Да","Синий","Нет","Нет","Нет","М","Физик","геометрия","механика;термодинамика","никакие","ФАКТ"
"2020/02/29 6:08:59 PM GMT+3","Физика","Да","Нет","Нет","Зеленый","Нет","Нет","Да","F","Физик","алгебра","электричество;термодинамика","проектное программирование","ФРКТ"
"2020/02/29 6:09:00 PM GMT+3","Математика;Информатика","Да","Да","Да","Красный","Нет","Нет","Да","F","Физик","алгебра;теорвер, комбинаторика","электричество;оптика","олимпиадные алгоритмы","ФПМИ"
"2020/02/29 6:09:18 PM GMT+3","Математика;Информатика","Да","Нет","Нет","Синий","Нет","Нет","Да","М","Физик","алгебра","оптика","олимпиадные алгоритмы","ФАКТ"
"2020/02/29 6:09:21 PM GMT+3","Математика;Химия","Да","Нет","Нет","Зеленый","Нет","Нет","Да","F","Физик","алгебра","электричество","никакие","ФАКТ"
"2020/02/29 6:09:22 PM GMT+3","Физика;Информатика","Да","Нет","Да","Синий","Нет","Нет","Да","М","Физик","алгебра","механика;электричество;термодинамика","проектное программирование;программирование микроконтроллеров","ФРКТ"
"2020/02/29 6:09:29 PM GMT+3","Физика;Информатика","Да","Нет","Да","Синий","Нет","Нет","Да","М","Физик","алгебра;теорвер, комбинаторика","электричество;термодинамика","проектное программирование;программирование микроконтроллеров","ФАКТ"
"2020/02/29 6:09:53 PM GMT+3","Информатика;Химия","Да","Нет","Да","Синий","Нет","Нет","Да","М","Физик","теорвер, комбинаторика","оптика","олимпиадные алгоритмы;проектное программирование","ФПМИ"
"2020/02/29 6:10:11 PM GMT+3","Физика;Математика;Информатика","Да","Да","Да","Зеленый","Нет","Нет","Да","М","Физик","алгебра","механика;электричество;оптика;термодинамика","олимпиадные алгоритмы","ЛФИ"
"2020/02/29 6:10:21 PM GMT+3","Математика;Информатика","Да","Нет","Да","Синий","Да","Нет","Да","М","Физик","теорвер, комбинаторика","электричество;термодинамика","никакие","ФРКТ"
"2020/02/29 6:10:31 PM GMT+3","Информатика","Да","Нет","Нет","Синий","Нет","Нет","Да","F","Физик","теорвер, комбинаторика","механика;термодинамика","проектное программирование","ФПМИ"
"2020/02/29 6:10:50 PM GMT+3","Физика;Информатика;Химия","Да","Нет","Да","Синий","Нет","Нет","Нет","F","Физик","алгебра","механика","никакие","ФПМИ"
"2020/02/29 6:10:52 PM GMT+3","Физика;Математика;Информатика","Да","Да","Нет","Красный","Нет","Нет","Да","М","Физрук","алгебра;теорвер, комбинаторика","механика;электричество;термодинамика","никакие","ФАКТ"
"2020/02/29 6:10:57 PM GMT+3","Физика;Математика;Информатика","Да","Нет","Да","Белый","Нет","Нет","Да","М","Физик","алгебра;теорвер, комбинаторика","оптика;термодинамика","олимпиадные алгоритмы","ФАКТ"
"2020/02/29 6:11:06 PM GMT+3","Физика;Математика","Да","Да","Нет","Синий","Нет","Да","Да","М","Физик","геометрия;алгебра","механика;термодинамика","проектное программирование","ФАКТ"
"2020/02/29 6:11:12 PM GMT+3","Физика;Математика","Нет","Нет","Нет","Синий","Нет","Нет","Да","М","Физик","алгебра","термодинамика","никакие","ФРКТ"
"2020/02/29 6:11:18 PM GMT+3","Физика;Математика;Информатика","Да","Нет","Да","Зеленый","Да","Да","Да","М","Физик","алгебра;теорвер, комбинаторика","электричество;термодинамика","программирование микроконтроллеров","ФРКТ"
"2020/02/29 6:11:25 PM GMT+3","Физика;Математика;Химия","Нет","Нет","Нет","Желтый","Нет","Нет","Да","F","Физик","алгебра","механика;оптика;термодинамика","никакие","ФАКТ"
"2020/02/29 6:11:27 PM GMT+3","Математика","Да","Нет","Нет","Синий","Нет","Нет","Да","F","Физик","геометрия","оптика;термодинамика","проектное программирование","ФАКТ"
"2020/02/29 6:11:47 PM GMT+3","Физика","Да","Нет","Да","Зеленый","Нет","Нет","Да","UnKnown","Физик","геометрия","механика;электричество;оптика;термодинамика","никакие","ЛФИ"
"2020/02/29 6:12:00 PM GMT+3","Физика;Биология;Химия","Да","Да","Да","Синий","Нет","Нет","Да","F","Физик","алгебра","оптика;термодинамика","никакие","ФБМФ"
"2020/02/29 6:12:14 PM GMT+3","Математика;Информатика","Да","Нет","Да","Синий","Нет","Нет","Да","М","Физик","теорвер, комбинаторика","электричество","никакие","ФРКТ"
"2020/02/29 6:12:27 PM GMT+3","Физика;Математика;Информатика","Да","Нет","Да","Синий","Нет","Нет","Да","М","Физик","геометрия;алгебра","механика;термодинамика","никакие","ФАКТ"
"2020/02/29 6:12:36 PM GMT+3","Математика;Информатика","Да","Нет","Да","Синий","Нет","Нет","Да","М","Физик","геометрия;алгебра;теорвер, комбинаторика","термодинамика","проектное программирование","ФПМИ"
"2020/02/29 6:12:56 PM GMT+3","Математика;Информатика","Да","Нет","Да","Синий","Да","Нет","Да","М","Физик","алгебра;теорвер, комбинаторика","термодинамика","олимпиадные алгоритмы;проектное программирование","ФПМИ"
"2020/02/29 6:13:14 PM GMT+3","Математика;Информатика","Да","Нет","Нет","Синий","Нет","Нет","Нет","М","Физик","алгебра","механика","олимпиадные алгоритмы","ФПМИ"
"2020/02/29 6:13:25 PM GMT+3","Физика","Да","Да","Да","Желтый","Нет","Нет","Нет","М","Физик","теорвер, комбинаторика","механика;электричество;термодинамика","никакие","ФАКТ"
"2020/02/29 6:13:28 PM GMT+3","Физика;Математика;Информатика","Да","Да","Да","Зеленый","Нет","Нет","Да","F","Физик","геометрия;алгебра","электричество;термодинамика","никакие;олимпиадные алгоритмы","ЛФИ"
"2020/02/29 6:13:45 PM GMT+3","Физика;Математика;Информатика","Да","Нет","Нет","Зеленый","Нет","Нет","Да","F","Физик","геометрия;алгебра;теорвер, комбинаторика","механика;термодинамика","никакие","ФАКТ"
"2020/02/29 6:14:09 PM GMT+3","Математика;Информатика","Нет","Нет","Да","Синий","Нет","Нет","Нет","F","Физик","геометрия;алгебра;теорвер, комбинаторика","механика;электричество;оптика","олимпиадные алгоритмы","ФПМИ"
"2020/02/29 6:14:23 PM GMT+3","Математика;Информатика","Да","Да","Да","Синий","Нет","Нет","Да","М","Физик","алгебра;теорвер, комбинаторика","механика;электричество;оптика;термодинамика","никакие","ФПМИ"
"2020/02/29 6:14:25 PM GMT+3","Математика","Нет","Да","Нет","Синий","Нет","Нет","Нет","UnKnown","Физрук","теорвер, комбинаторика","механика","никакие","ФПМИ"
"2020/02/29 6:14:29 PM GMT+3","Физика;Математика;Информатика","Да","Нет","Да","Синий","Да","Да","Да","М","Физик","геометрия;алгебра;теорвер, комбинаторика","электричество;оптика","олимпиадные алгоритмы;проектное программирование;программирование микроконтроллеров","ФПМИ"
"2020/02/29 6:14:31 PM GMT+3","Физика","Да","Нет","Да","Зеленый","Нет","Нет","Да","М","Физик","алгебра;теорвер, комбинаторика","механика;термодинамика","никакие","ФАКТ"
"2020/02/29 6:14:33 PM GMT+3","Физика;Математика","Да","Нет","Да","Зеленый","Нет","Нет","Да","F","Физик","геометрия;алгебра;теорвер, комбинаторика","механика;электричество;оптика;термодинамика","никакие","ФПМИ"
"2020/02/29 6:14:35 PM GMT+3","Математика","Нет","Да","Да","Красный","Нет","Да","Да","М","Физик","теорвер, комбинаторика","электричество","олимпиадные алгоритмы","ФПМИ"
"2020/02/29 6:14:35 PM GMT+3","Математика","Да","Нет","Да","Синий","Нет","Нет","Да","F","Физик","геометрия","механика","никакие","ФПМИ"
"2020/02/29 6:14:39 PM GMT+3","Физика;Математика;Информатика","Да","Нет","Нет","Синий","Да","Нет","Да","М","Физик","теорвер, комбинаторика","механика;электричество","программирование микроконтроллеров","ФЭФМ"
"2020/02/29 6:14:47 PM GMT+3","Математика","Да","Нет","Нет","Красный","Нет","Нет","Да","F","Физик","алгебра","электричество","проектное программирование","ФАКТ"
"2020/02/29 6:14:51 PM GMT+3","Физика;Информатика","Да","Да","Нет","Красный","Нет","Нет","Да","М","Физик","теорвер, комбинаторика","электричество","никакие","ФПМИ"
"2020/02/29 6:15:09 PM GMT+3","Математика","Да","Нет","Да","Зеленый","Нет","Нет","Да","F","Физик","алгебра","оптика;термодинамика","никакие","ФПМИ"
"2020/02/29 6:15:10 PM GMT+3","Физика","Да","Да","Да","Красный","Нет","Нет","Нет","М","Физик","теорвер, комбинаторика","механика;термодинамика","проектное программирование","ЛФИ"
"2020/02/29 6:15:11 PM GMT+3","Математика","Да","Нет","Да","Синий","Нет","Нет","Да","F","Физик","алгебра;теорвер, комбинаторика","механика;оптика","олимпиадные алгоритмы","ФРКТ"
"2020/02/29 6:15:20 PM GMT+3","Физика;Математика;Информатика;Биология","Да","Да","Нет","Зеленый","Нет","Нет","Нет","М","Физик","геометрия;алгебра;теорвер, комбинаторика","механика;оптика","программирование микроконтроллеров","ФАКТ"
"2020/02/29 6:15:43 PM GMT+3","Физика;Математика","Да","Нет","Нет","Синий","Нет","Нет","Да","М","Физик","теорвер, комбинаторика","механика;электричество;оптика;термодинамика","никакие","ЛФИ"
"2020/02/29 6:16:00 PM GMT+3","Математика;Информатика","Да","Нет","Да","Белый","Нет","Нет","Да","F","Не знаю","геометрия;теорвер, комбинаторика","механика","проектное программирование","ФПМИ"
"2020/02/29 6:16:25 PM GMT+3","Биология;Химия","Да","Нет","Нет","Синий","Нет","Нет","Да","F","Физик","алгебра","оптика;термодинамика","никакие","ФБМФ"
"2020/02/29 6:16:33 PM GMT+3","Математика","Да","Да","Нет","Зеленый","Нет","Нет","Да","М","Физик","алгебра","механика;термодинамика","никакие","ФПМИ"
"2020/02/29 6:16:36 PM GMT+3","Математика;Информатика;Биология","Да","Нет","Да","Синий","Нет","Нет","Да","F","Физик","геометрия;алгебра","электричество;оптика","олимпиадные алгоритмы;проектное программирование","ФБМФ"
"2020/02/29 6:16:37 PM GMT+3","Физика;Биология","Да","Да","Да","Зеленый","Нет","Нет","Да","М","Физик","геометрия","механика;электричество;оптика;термодинамика","никакие","ФБМФ"
"2020/02/29 6:16:39 PM GMT+3","Физика;Информатика","Да","Нет","Да","Красный","Нет","Нет","Да","М","Физик","геометрия;алгебра;теорвер, комбинаторика","электричество","проектное программирование;программирование микроконтроллеров","ФРКТ"
"2020/02/29 6:16:45 PM GMT+3","Математика;Информатика","Да","Нет","Да","Синий","Нет","Нет","Да","UnKnown","Физик","алгебра;теорвер, комбинаторика","механика","проектное программирование","ФПМИ"
"2020/02/29 6:16:54 PM GMT+3","Физика;Математика","Да","Нет","Да","Белый","Нет","Да","Да","F","Физик","алгебра","оптика;термодинамика","никакие","ФПМИ"
"2020/02/29 6:17:16 PM GMT+3","Физика;Информатика","Да","Нет","Нет","Красный","Нет","Нет","Да","М","Физик","теорвер, комбинаторика","механика;термодинамика","никакие","ФРКТ"
"2020/02/29 6:17:23 PM GMT+3","Математика;Информатика","Да","Нет","Нет","Зеленый","Нет","Нет","Да","М","Физик","алгебра","механика","олимпиадные алгоритмы;проектное программирование","ФПМИ"
"2020/02/29 6:17:46 PM GMT+3","Математика;Информатика","Да","Нет","Да","Белый","Нет","Нет","Да","М","Физик","теорвер, комбинаторика","механика;оптика","проектное программирование","ФПМИ"
"2020/02/29 6:17:49 PM GMT+3","Физика;Математика;Биология","Да","Нет","Да","Синий","Да","Нет","Да","F","Физик","теорвер, комбинаторика","термодинамика","проектное программирование","ФБМФ"
"2020/02/29 6:18:05 PM GMT+3","Физика;Математика;Информатика","Да","Нет","Нет","Красный","Нет","Нет","Нет","М","Физик","алгебра","электричество","проектное программирование","ФРКТ"
"2020/02/29 6:18:14 PM GMT+3","Физика;Математика;Химия","Нет","Нет","Да","Синий","Нет","Нет","Да","М","Физик","алгебра","электричество;термодинамика","олимпиадные алгоритмы","ФБМФ"
"2020/02/29 6:18:14 PM GMT+3","Математика","Да","Да","Да","Синий","Нет","Нет","Нет","М","Физик","геометрия;алгебра;теорвер, комбинаторика","механика;термодинамика","олимпиадные алгоритмы","ФПМИ"
"2020/02/29 6:18:17 PM GMT+3","Математика;Информатика","Да","Нет","Нет","Зеленый","Да","Да","Да","М","Физик","алгебра","механика;оптика;термодинамика","проектное программирование","ФАКТ"
"2020/02/29 6:18:19 PM GMT+3","Математика;Информатика","Да","Нет","Да","Зеленый","Нет","Да","Да","F","Физик","теорвер, комбинаторика","оптика","олимпиадные алгоритмы","ФПМИ"
"2020/02/29 6:18:23 PM GMT+3","Физика;Химия","Да","Да","Нет","Зеленый","Нет","Нет","Да","М","Физик","геометрия","механика;оптика","олимпиадные алгоритмы","ФАКТ"
"2020/02/29 6:18:23 PM GMT+3","Физика;Математика;Информатика","Да","Нет","Да","Синий","Нет","Нет","Да","М","Физик","теорвер, комбинаторика","электричество;оптика","проектное программирование","ФПМИ"
"2020/02/29 6:18:28 PM GMT+3","Физика;Математика;Информатика","Да","Нет","Нет","Белый","Да","Да","Да","F","Физик","теорвер, комбинаторика","электричество","никакие","ФАКТ"
"2020/02/29 6:18:33 PM GMT+3","Физика;Математика","Нет","Нет","Нет","Синий","Нет","Нет","Нет","F","Физик","алгебра","механика;электричество;оптика;термодинамика","никакие","ФАКТ"
"2020/02/29 6:18:34 PM GMT+3","Физика;Математика","Да","Да","Нет","Желтый","Да","Нет","Да","М","Физик","геометрия","электричество;термодинамика","никакие","ФАКТ"
"2020/02/29 6:18:42 PM GMT+3","Физика","Да","Да","Да","Красный","Нет","Нет","Да","М","Физик","алгебра","механика;оптика","никакие","ФАКТ"
"2020/02/29 6:18:44 PM GMT+3","Физика;Математика;Информатика","Да","Да","Нет","Красный","Нет","Нет","Да","М","Физик","алгебра;теорвер, комбинаторика","электричество;термодинамика","проектное программирование","ФПМИ"
"2020/02/29 6:19:07 PM GMT+3","Информатика","Нет","Нет","Нет","Красный","Нет","Нет","Да","М","Физик","алгебра","оптика","никакие","ФАКТ"
"2020/02/29 6:19:08 PM GMT+3","Физика;Математика;Биология;Химия","Да","Нет","Нет","Зеленый","Нет","Нет","Да","М","Физик","алгебра","электричество;оптика","программирование микроконтроллеров","ФБМФ"
"2020/02/29 6:19:12 PM GMT+3","Математика;Биология;Химия","Нет","Нет","Да","Желтый","Да","Да","Нет","F","Физик","геометрия;алгебра","оптика;термодинамика","олимпиадные алгоритмы","ФБМФ"
"2020/02/29 6:19:19 PM GMT+3","Математика;Информатика","Да","Нет","Нет","Зеленый","Да","Да","Да","М","Физик","алгебра","механика;оптика","никакие","ФРКТ"
"2020/02/29 6:19:31 PM GMT+3","Физика;Математика;Информатика","Да","Да","Да","Зеленый","Да","Нет","Да","М","Физик","геометрия;алгебра","механика;электричество;оптика","олимпиадные алгоритмы;проектное программирование;программирование микроконтроллеров","ЛФИ"
"2020/02/29 6:19:36 PM GMT+3","Физика;Математика;Информатика;Биология","Да","Нет","Нет","Синий","Нет","Нет","Да","М","Физрук","теорвер, комбинаторика","электричество;оптика","никакие","ФЭФМ"
"2020/02/29 6:19:40 PM GMT+3","Физика;Математика","Да","Нет","Да","Белый","Нет","Нет","Да","М","Физик","алгебра","термодинамика","никакие","ФБМФ"
"2020/02/29 6:19:43 PM GMT+3","Информатика","Да","Нет","Да","Зеленый","Нет","Нет","Нет","М","Физик","алгебра","механика","проектное программирование","ФПМИ"
"2020/02/29 6:20:00 PM GMT+3","Математика;Информатика;Химия","Да","Нет","Да","Синий","Нет","Нет","Да","F","Физик","теорвер, комбинаторика","механика;электричество;оптика","олимпиадные алгоритмы","ФПМИ"
"2020/02/29 6:20:22 PM GMT+3","Физика;Информатика","Да","Да","Да","Красный","Нет","Нет","Да","М","Физик","теорвер, комбинаторика","электричество;термодинамика","олимпиадные алгоритмы;проектное программирование","ФРКТ"
"2020/02/29 6:20:29 PM GMT+3","Математика","Да","Нет","Нет","Желтый","Нет","Нет","Нет","F","Физик","алгебра","механика;электричество","никакие","ФРКТ"
"2020/02/29 6:20:29 PM GMT+3","Физика;Математика;Информатика","Да","Нет","Да","Синий","Нет","Нет","Да","М","Физик","алгебра;теорвер, комбинаторика","механика;термодинамика","никакие","ФПМИ"
"2020/02/29 6:20:39 PM GMT+3","Физика;Математика;Информатика","Да","Нет","Нет","Красный","Да","Да","Да","М","Физик","алгебра;теорвер, комбинаторика","механика;электричество;оптика;термодинамика","проектное программирование;программирование микроконтроллеров","ФПМИ"
"2020/02/29 6:20:40 PM GMT+3","Математика","Нет","Нет","Да","Синий","Да","Нет","Да","М","Физик","геометрия;алгебра;теорвер, комбинаторика","электричество","олимпиадные алгоритмы","ФБМФ"
"2020/02/29 6:20:59 PM GMT+3","Математика","Да","Нет","Да","Синий","Нет","Нет","Да","М","Физик","алгебра;теорвер, комбинаторика","механика;электричество","никакие","ФРКТ"
"2020/02/29 6:21:05 PM GMT+3","Физика;Математика;Химия","Нет","Нет","Нет","Синий","Нет","Нет","Нет","UnKnown","Физик","алгебра","электричество","никакие","ФЭФМ"
"2020/02/29 6:21:14 PM GMT+3","Информатика","Да","Нет","Да","Синий","Нет","Нет","Да","М","Физик","теорвер, комбинаторика","механика","олимпиадные алгоритмы;проектное программирование","ФПМИ"
"2020/02/29 6:21:16 PM GMT+3","Физика;Математика","Да","Да","Нет","Синий","Нет","Нет","Да","М","Физик","алгебра","механика;электричество;термодинамика","программирование микроконтроллеров","ФРКТ"
"2020/02/29 6:21:21 PM GMT+3","Математика;Химия","Нет","Нет","Нет","Синий","Нет","Нет","Да","М","Физик","геометрия;алгебра;теорвер, комбинаторика","механика;термодинамика","никакие","ФАКТ"
"2020/02/29 6:21:25 PM GMT+3","Физика;Математика;Информатика","Да","Нет","Да","Синий","Нет","Нет","Да","М","Физик","алгебра;теорвер, комбинаторика","электричество;оптика","проектное программирование;программирование микроконтроллеров","ФРКТ"
"2020/02/29 6:21:31 PM GMT+3","Математика;Информатика","Да","Нет","Да","Синий","Нет","Нет","Да","F","Физик","геометрия;алгебра;теорвер, комбинаторика","механика","олимпиадные алгоритмы","ФПМИ"
"2020/02/29 6:21:32 PM GMT+3","Физика;Математика;Информатика","Да","Да","Да","Белый","Нет","Нет","Да","М","Физик","алгебра;теорвер, комбинаторика","механика;электричество;оптика;термодинамика","олимпиадные алгоритмы;проектное программирование","ФПМИ"
"2020/02/29 6:21:34 PM GMT+3","Информатика","Да","Нет","Да","Белый","Нет","Нет","Да","М","Физик","теорвер, комбинаторика","электричество","проектное программирование","ФАКТ"
"2020/02/29 6:22:15 PM GMT+3","Физика;Математика","Да","Нет","Да","Красный","Нет","Нет","Да","М","Физик","алгебра","механика;электричество;оптика;термодинамика","никакие","ФРКТ"
"2020/02/29 6:22:58 PM GMT+3","Информатика","Да","Нет","Нет","Зеленый","Нет","Нет","Нет","М","Физик","теорвер, комбинаторика","механика","олимпиадные алгоритмы;проектное программирование","ФПМИ"
"2020/02/29 6:23:14 PM GMT+3","Физика","Да","Нет","Да","Зеленый","Нет","Нет","Да","М","Физик","геометрия","механика;электричество;термодинамика","никакие","ФРКТ"
"2020/02/29 6:23:32 PM GMT+3","Информатика","Нет","Да","Нет","Зеленый","Нет","Нет","Нет","М","Физик","теорвер, комбинаторика","механика","олимпиадные алгоритмы;проектное программирование","ФПМИ"
"2020/02/29 6:23:52 PM GMT+3","Математика;Информатика","Да","Нет","Да","Белый","Нет","Нет","Да","М","Физик","алгебра;теорвер, комбинаторика","оптика;термодинамика","олимпиадные алгоритмы","ФПМИ"
"2020/02/29 6:24:39 PM GMT+3","Математика;Информатика","Да","Да","Нет","Белый","Нет","Нет","Нет","М","Физик","теорвер, комбинаторика","механика;электричество","олимпиадные алгоритмы;проектное программирование;программирование микроконтроллеров","ФПМИ"
"2020/02/29 6:24:45 PM GMT+3","Математика;Информатика","Да","Нет","Да","Красный","Нет","Нет","Да","М","Физик","алгебра;теорвер, комбинаторика","электричество","олимпиадные алгоритмы","ФПМИ"
"2020/02/29 6:25:14 PM GMT+3","Математика;Информатика","Да","Да","Да","Синий","Нет","Нет","Да","F","Физик","теорвер, комбинаторика","механика;электричество;оптика;термодинамика","олимпиадные алгоритмы","ФПМИ"
"2020/02/29 6:25:48 PM GMT+3","Физика;Математика","Нет","Нет","Да","Синий","Нет","Нет","Да","F","Физик","алгебра","механика;электричество;оптика;термодинамика","никакие","ФАКТ"
"2020/02/29 6:25:55 PM GMT+3","Математика;Биология","Да","Нет","Да","Синий","Нет","Нет","Да","М","Физик","алгебра","механика;термодинамика","никакие","ФБМФ"
"2020/02/29 6:26:14 PM GMT+3","Физика;Математика;Информатика","Нет","Нет","Да","Зеленый","Нет","Нет","Да","М","Физик","алгебра","механика;электричество;термодинамика","программирование микроконтроллеров","ФРКТ"
"2020/02/29 6:26:19 PM GMT+3","Физика;Математика","Да","Да","Да","Зеленый","Нет","Нет","Да","М","Физик","алгебра","термодинамика","никакие","ФЭФМ"
"2020/02/29 6:26:32 PM GMT+3","Математика;Биология;Химия","Да","Нет","Нет","Синий","Нет","Нет","Да","F","Физик","алгебра","электричество;оптика","проектное программирование","ФБМФ"
"2020/02/29 6:26:38 PM GMT+3","Математика","Да","Да","Нет","Красный","Да","Да","Да","М","Физик","алгебра;теорвер, комбинаторика","механика;электричество","олимпиадные алгоритмы","ФПМИ"
"2020/02/29 6:27:01 PM GMT+3","Математика;Информатика","Да","Нет","Да","Зеленый","Нет","Нет","Да","М","Физик","теорвер, комбинаторика","механика","проектное программирование","ФПМИ"
"2020/02/29 6:27:21 PM GMT+3","Математика;Информатика","Да","Да","Да","Синий","Нет","Нет","Да","М","Физик","теорвер, комбинаторика","механика;электричество","олимпиадные алгоритмы;программирование микроконтроллеров","ФПМИ"
"2020/02/29 6:27:33 PM GMT+3","Физика;Математика;Информатика","Да","Нет","Да","Белый","Нет","Нет","Да","М","Физик","алгебра","механика;электричество;оптика;термодинамика","никакие","ЛФИ"
"2020/02/29 6:27:40 PM GMT+3","Физика;Математика","Нет","Нет","Да","Желтый","Нет","Нет","Нет","М","Физик","теорвер, комбинаторика","механика;электричество","никакие","ФПМИ"
"2020/02/29 6:28:35 PM GMT+3","Математика;Информатика","Да","Да","Да","Синий","Нет","Нет","Нет","М","Физик","теорвер, комбинаторика","механика","олимпиадные алгоритмы;проектное программирование","ФПМИ"
"2020/02/29 6:28:52 PM GMT+3","Физика;Математика;Информатика","Да","Нет","Да","Красный","Нет","Нет","Нет","М","Физик","алгебра","механика;электричество;оптика","олимпиадные алгоритмы;проектное программирование;программирование микроконтроллеров","ЛФИ"
"2020/02/29 6:29:04 PM GMT+3","Физика;Математика;Информатика;Биология;Химия","Нет","Нет","Да","Синий","Да","Нет","Да","F","Физик","алгебра","механика;электричество;оптика;термодинамика","проектное программирование","ФБМФ"
"2020/02/29 6:29:30 PM GMT+3","Физика;Математика;Химия","Да","Нет","Да","Желтый","Нет","Нет","Да","М","Физик","алгебра","механика;электричество;оптика;термодинамика","проектное программирование;программирование микроконтроллеров","ЛФИ"
"2020/02/29 6:29:40 PM GMT+3","Физика;Математика;Информатика","Да","Нет","Да","Белый","Нет","Нет","Да","М","Физик","алгебра;теорвер, комбинаторика","механика;электричество","проектное программирование","ЛФИ"
"2020/02/29 6:29:46 PM GMT+3","Физика;Математика","Да","Нет","Да","Зеленый","Нет","Нет","Нет","М","Физик","алгебра","электричество;термодинамика","никакие","ФПМИ"
"2020/02/29 6:29:57 PM GMT+3","Физика;Математика","Да","Нет","Да","Красный","Нет","Нет","Да","М","Физик","алгебра","электричество;термодинамика","проектное программирование","ФРКТ"
"2020/02/29 6:30:13 PM GMT+3","Физика;Математика;Информатика;Биология;Химия","Да","Нет","Да","Красный","Да","Да","Да","М","Физик","геометрия;алгебра;теорвер, комбинаторика","механика;электричество;оптика;термодинамика","никакие","ЛФИ"
"2020/02/29 6:30:20 PM GMT+3","Математика;Информатика","Да","Да","Нет","Белый","Нет","Нет","Да","М","Физик","алгебра","механика;термодинамика","олимпиадные алгоритмы","ФАКТ"
"2020/02/29 6:30:30 PM GMT+3","Физика;Математика","Нет","Нет","Да","Красный","Нет","Нет","Нет","М","Физрук","геометрия;алгебра","механика;электричество","олимпиадные алгоритмы","ЛФИ"
"2020/02/29 6:30:40 PM GMT+3","Информатика","Да","Нет","Да","Зеленый","Нет","Нет","Да","М","Физрук","геометрия;алгебра","механика;электричество;оптика;термодинамика","программирование микроконтроллеров","ЛФИ"
"2020/02/29 6:30:51 PM GMT+3","Математика;Информатика","Да","Нет","Да","Синий","Нет","Нет","Да","М","Физик","теорвер, комбинаторика","механика;электричество","олимпиадные алгоритмы;проектное программирование","ФПМИ"
"2020/02/29 6:31:01 PM GMT+3","Физика;Математика;Информатика;Химия","Да","Нет","Нет","Белый","Нет","Нет","Нет","М","Физик","алгебра","механика","никакие","ЛФИ"
"2020/02/29 6:31:37 PM GMT+3","Информатика","Да","Нет","Нет","Белый","Нет","Нет","Да","М","Физик","теорвер, комбинаторика","электричество","проектное программирование","ФПМИ"
"2020/02/29 6:31:38 PM GMT+3","Физика;Математика;Информатика","Да","Да","Да","Зеленый","Нет","Нет","Да","М","Физик","алгебра;теорвер, комбинаторика","электричество;термодинамика","никакие","ФАКТ"
"2020/02/29 6:31:49 PM GMT+3","Физика;Математика;Информатика;Химия","Да","Да","Нет","Синий","Нет","Да","Да","М","Физик","теорвер, комбинаторика","электричество;оптика;термодинамика","никакие","ФПМИ"
"2020/02/29 6:32:18 PM GMT+3","Математика","Да","Да","Да","Белый","Нет","Нет","Да","М","Физик","алгебра","механика;термодинамика","никакие","ФБМФ"
"2020/02/29 6:32:19 PM GMT+3","Биология;Химия","Да","Нет","Нет","Синий","Нет","Нет","Нет","F","Физик","алгебра","механика;электричество;оптика;термодинамика","никакие","ФБМФ"
"2020/02/29 6:32:41 PM GMT+3","Математика","Да","Нет","Да","Желтый","Нет","Нет","Да","F","Физик","теорвер, комбинаторика","термодинамика","никакие","ФПМИ"
"2020/02/29 6:32:50 PM GMT+3","Математика;Информатика","Да","Нет","Нет","Синий","Нет","Нет","Нет","М","Физик","геометрия;алгебра","механика;электричество;оптика;термодинамика","проектное программирование","ФАКТ"
"2020/02/29 6:32:51 PM GMT+3","Математика","Да","Нет","Нет","Красный","Нет","Нет","Да","М","Физик","геометрия;алгебра;теорвер, комбинаторика","электричество","никакие","ЛФИ"
"2020/02/29 6:32:58 PM GMT+3","Физика;Математика;Информатика;Биология;Химия","Да","Да","Нет","Красный","Да","Да","Да","М","Физик","геометрия","механика;электричество","проектное программирование;программирование микроконтроллеров","ФРКТ"
"2020/02/29 6:33:21 PM GMT+3","Физика","Нет","Нет","Да","Зеленый","Нет","Нет","Да","F","Физик","геометрия","термодинамика","никакие","ФБМФ"
"2020/02/29 6:33:39 PM GMT+3","Физика;Математика;Информатика","Да","Да","Да","Синий","Да","Нет","Да","М","Физрук","алгебра;теорвер, комбинаторика","механика;электричество;оптика","олимпиадные алгоритмы;проектное программирование","ФПМИ"
"2020/02/29 6:33:44 PM GMT+3","Физика;Математика;Информатика","Да","Нет","Нет","Зеленый","Нет","Нет","Нет","М","Физик","теорвер, комбинаторика","электричество","проектное программирование","ФРКТ"
"2020/02/29 6:33:54 PM GMT+3","Физика;Математика;Биология","Да","Нет","Да","Синий","Нет","Нет","Да","F","Физик","алгебра","оптика;термодинамика","никакие","ФБМФ"
"2020/02/29 6:33:55 PM GMT+3","Математика;Информатика","Нет","Да","Нет","Синий","Нет","Нет","Да","М","Физик","алгебра","электричество;термодинамика","олимпиадные алгоритмы","ФЭФМ"
"2020/02/29 6:34:27 PM GMT+3","Физика;Математика;Информатика","Нет","Да","Да","Зеленый","Нет","Нет","Нет","М","Физик","теорвер, комбинаторика","термодинамика","олимпиадные алгоритмы","ФРКТ"
"2020/02/29 6:34:27 PM GMT+3","Физика;Математика","Да","Да","Да","Зеленый","Нет","Нет","Да","М","Физрук","геометрия;алгебра","механика;электричество;термодинамика","никакие","ФЭФМ"
"2020/02/29 6:34:35 PM GMT+3","Физика;Математика;Информатика","Да","Нет","Нет","Синий","Нет","Нет","Да","F","Физик","алгебра;теорвер, комбинаторика","термодинамика","олимпиадные алгоритмы","ФБМФ"
"2020/02/29 6:34:39 PM GMT+3","Физика;Математика;Биология;Химия","Да","Нет","Да","Зеленый","Нет","Нет","Да","М","Физик","алгебра","механика;электричество;оптика","олимпиадные алгоритмы","ФБМФ"
"2020/02/29 6:34:47 PM GMT+3","Математика;Информатика","Да","Да","Да","Синий","Нет","Нет","Да","М","Физик","теорвер, комбинаторика","механика","олимпиадные алгоритмы","ФПМИ"
"2020/02/29 6:35:01 PM GMT+3","Математика","Да","Нет","Да","Зеленый","Нет","Нет","Нет","М","Физрук","алгебра;теорвер, комбинаторика","термодинамика","проектное программирование;программирование микроконтроллеров","ЛФИ"
"2020/02/29 6:35:31 PM GMT+3","Математика","Нет","Нет","Да","Синий","Нет","Нет","Нет","UnKnown","Физрук","геометрия;алгебра;теорвер, комбинаторика","механика;электричество;оптика;термодинамика","никакие","ФПМИ"
"2020/02/29 6:35:42 PM GMT+3","Физика;Математика","Да","Да","Да","Белый","Нет","Нет","Нет","М","Физик","геометрия;алгебра","механика;оптика;термодинамика","олимпиадные алгоритмы","ФПМИ"
"2020/02/29 6:35:53 PM GMT+3","Физика;Математика;Информатика","Да","Нет","Да","Синий","Нет","Нет","Да","М","Физик","теорвер, комбинаторика","электричество;термодинамика","олимпиадные алгоритмы","ЛФИ"
"2020/02/29 6:36:12 PM GMT+3","Математика;Информатика","Да","Нет","Да","Синий","Нет","Нет","Да","М","Физрук","алгебра","механика;электричество;оптика;термодинамика","олимпиадные алгоритмы","ФБМФ"
"2020/02/29 6:36:15 PM GMT+3","Физика;Математика","Да","Нет","Да","Зеленый","Нет","Нет","Нет","F","Физик","геометрия","электричество;термодинамика","олимпиадные алгоритмы","ЛФИ"
"2020/02/29 6:36:27 PM GMT+3","Физика","Да","Да","Да","Желтый","Нет","Нет","Да","F","Физрук","геометрия;алгебра;теорвер, комбинаторика","электричество;термодинамика","никакие","ФЭФМ"
"2020/02/29 6:37:11 PM GMT+3","Математика;Информатика","Да","Да","Да","Красный","Нет","Нет","Нет","М","Физик","геометрия","термодинамика","олимпиадные алгоритмы","ФПМИ"
"2020/02/29 6:37:22 PM GMT+3","Математика","Да","Нет","Нет","Зеленый","Нет","Нет","Да","М","Физик","алгебра;теорвер, комбинаторика","электричество","никакие","ФРКТ"
"2020/02/29 6:37:23 PM GMT+3","Физика","Нет","Нет","Да","Желтый","Нет","Нет","Нет","М","Физик","алгебра","механика","проектное программирование","ЛФИ"
"2020/02/29 6:37:23 PM GMT+3","Физика;Математика;Информатика","Да","Да","Да","Красный","Нет","Нет","Да","F","Физик","геометрия","механика;электричество;термодинамика","олимпиадные алгоритмы","ФПМИ"
"2020/02/29 6:37:37 PM GMT+3","Физика;Математика;Информатика","Да","Нет","Да","Синий","Нет","Нет","Да","М","Физик","геометрия;теорвер, комбинаторика","электричество","программирование микроконтроллеров","ФРКТ"
"2020/02/29 6:37:37 PM GMT+3","Математика","Да","Нет","Да","Зеленый","Нет","Нет","Да","М","Физик","геометрия;алгебра;теорвер, комбинаторика","механика","никакие","ФПМИ"
"2020/02/29 6:37:43 PM GMT+3","Математика;Информатика","Да","Нет","Нет","Красный","Нет","Нет","Да","F","Физик","теорвер, комбинаторика","механика;оптика","олимпиадные алгоритмы","ФПМИ"
"2020/02/29 6:37:50 PM GMT+3","Физика;Математика;Информатика","Да","Нет","Нет","Красный","Да","Да","Да","М","Физик","алгебра;теорвер, комбинаторика","электричество;термодинамика","проектное программирование","ФЭФМ"
"2020/02/29 6:37:51 PM GMT+3","Физика;Математика","Да","Нет","Да","Красный","Нет","Нет","Да","F","Физик","геометрия","механика;электричество","никакие","ФЭФМ"
"2020/02/29 6:38:10 PM GMT+3","Физика","Нет","Да","Нет","Красный","Нет","Нет","Да","М","Физик","алгебра;теорвер, комбинаторика","механика;электричество;термодинамика","проектное программирование","ЛФИ"
"2020/02/29 6:38:14 PM GMT+3","Физика","Да","Нет","Да","Синий","Нет","Нет","Да","F","Физик","алгебра","электричество;оптика","никакие","ФБМФ"
"2020/02/29 6:38:34 PM GMT+3","Физика;Информатика","Да","Нет","Да","Белый","Нет","Нет","Нет","М","Физик","алгебра;теорвер, комбинаторика","механика;электричество;оптика;термодинамика","проектное программирование","ЛФИ"
"2020/02/29 6:38:53 PM GMT+3","Математика;Химия","Да","Нет","Да","Зеленый","Нет","Нет","Нет","F","Физик","геометрия;алгебра;теорвер, комбинаторика","механика;термодинамика","никакие","ФБМФ"
"2020/02/29 6:39:14 PM GMT+3","Математика;Информатика","Нет","Нет","Да","Синий","Нет","Нет","Нет","F","Физик","алгебра;теорвер, комбинаторика","термодинамика","никакие","ФРКТ"
"2020/02/29 6:39:23 PM GMT+3","Физика","Да","Нет","Да","Синий","Нет","Нет","Да","М","Физик","алгебра","электричество","никакие","ЛФИ"
"2020/02/29 6:39:47 PM GMT+3","Математика;Биология","Да","Нет","Нет","Белый","Нет","Нет","Да","F","Физик","алгебра","оптика","проектное программирование","ФБМФ"
"2020/02/29 6:39:49 PM GMT+3","Физика;Математика;Информатика;Химия","Нет","Нет","Да","Белый","Нет","Нет","Да","F","Физик","алгебра","механика;электричество;оптика;термодинамика","никакие","ФЭФМ"
"2020/02/29 6:39:53 PM GMT+3","Математика","Да","Нет","Нет","Желтый","Нет","Нет","Да","F","Физик","алгебра","электричество;оптика","проектное программирование","ФПМИ"
"2020/02/29 6:40:01 PM GMT+3","Математика;Информатика","Да","Нет","Да","Синий","Нет","Нет","Да","М","Физик","алгебра","механика;оптика","олимпиадные алгоритмы","ФБМФ"
"2020/02/29 6:40:37 PM GMT+3","Физика;Математика","Нет","Да","Да","Красный","Нет","Нет","Да","М","Физик","алгебра","механика;термодинамика","олимпиадные алгоритмы","ФЭФМ"
"2020/02/29 6:40:46 PM GMT+3","Математика","Да","Нет","Да","Красный","Нет","Нет","Да","М","Физик","геометрия","электричество;термодинамика","олимпиадные алгоритмы","ФРКТ"
"2020/02/29 6:40:58 PM GMT+3","Математика;Информатика;Биология;Химия","Нет","Нет","Нет","Красный","Нет","Нет","Да","F","Физик","геометрия","термодинамика","проектное программирование","ФАКТ"
"2020/02/29 6:40:59 PM GMT+3","Физика;Химия","Да","Нет","Нет","Зеленый","Да","Да","Да","М","Физик","геометрия;теорвер, комбинаторика","механика;электричество;оптика","проектное программирование","ЛФИ"
"2020/02/29 6:41:20 PM GMT+3","Физика;Математика;Информатика","Да","Нет","Да","Зеленый","Нет","Нет","Да","М","Физик","алгебра;теорвер, комбинаторика","механика;электричество;оптика;термодинамика","проектное программирование","ЛФИ"
"2020/02/29 6:41:30 PM GMT+3","Математика;Информатика","Да","Нет","Нет","Зеленый","Нет","Нет","Да","М","Физик","геометрия;алгебра","электричество","олимпиадные алгоритмы;проектное программирование","ФПМИ"
"2020/02/29 6:41:37 PM GMT+3","Физика;Математика;Информатика","Да","Да","Да","Желтый","Да","Да","Да","М","Физик","геометрия;алгебра","электричество","олимпиадные алгоритмы","ФБМФ"
"2020/02/29 6:42:19 PM GMT+3","Математика;Биология;Химия","Нет","Нет","Да","Белый","Да","Нет","Да","F","Физик","геометрия;алгебра;теорвер, комбинаторика","оптика","никакие","ЛФИ"
"2020/02/29 6:42:37 PM GMT+3","Физика;Математика;Информатика","Да","Да","Нет","Зеленый","Нет","Да","Да","М","Физик","алгебра;теорвер, комбинаторика","термодинамика","никакие","ФАКТ"
"2020/02/29 6:42:38 PM GMT+3","Физика;Математика;Биология;Химия","Да","Нет","Да","Красный","Нет","Нет","Да","F","Физик","алгебра","электричество","никакие","ФБМФ"
"2020/02/29 6:43:00 PM GMT+3","Физика;Химия","Нет","Нет","Да","Зеленый","Нет","Нет","Нет","М","Физик","алгебра","механика;электричество;термодинамика","олимпиадные алгоритмы","ФБМФ"
"2020/02/29 6:43:14 PM GMT+3","Физика;Математика;Информатика","Да","Да","Нет","Красный","Нет","Нет","Да","М","Физик","геометрия","механика;электричество;оптика","проектное программирование;программирование микроконтроллеров","ФПМИ"
"2020/02/29 6:43:18 PM GMT+3","Физика;Математика","Да","Да","Нет","Синий","Нет","Нет","Да","F","Физик","теорвер, комбинаторика","термодинамика","никакие","ФАКТ"
"2020/02/29 6:43:34 PM GMT+3","Физика;Математика","Да","Да","Нет","Красный","Нет","Нет","Да","М","Физик","алгебра","механика","никакие","ЛФИ"
"2020/02/29 6:44:43 PM GMT+3","Физика;Математика","Да","Нет","Да","Синий","Нет","Нет","Да","М","Физик","алгебра;теорвер, комбинаторика","электричество;оптика;термодинамика","проектное программирование;программирование микроконтроллеров","ФБМФ"
"2020/02/29 6:44:59 PM GMT+3","Физика;Математика;Информатика","Да","Нет","Нет","Синий","Нет","Нет","Да","М","Физик","теорвер, комбинаторика","механика;термодинамика","олимпиадные алгоритмы;проектное программирование","ФЭФМ"
"2020/02/29 6:45:23 PM GMT+3","Физика;Математика","Да","Да","Да","Синий","Да","Да","Да","М","Физик","алгебра","термодинамика","никакие","ЛФИ"
"2020/02/29 6:45:27 PM GMT+3","Математика","Да","Нет","Да","Зеленый","Нет","Нет","Да","F","Физик","алгебра;теорвер, комбинаторика","оптика;термодинамика","олимпиадные алгоритмы","ФПМИ"
"2020/02/29 6:46:03 PM GMT+3","Физика","Да","Нет","Да","Зеленый","Нет","Да","Да","F","Физик","теорвер, комбинаторика","оптика;термодинамика","олимпиадные алгоритмы","ЛФИ"
"2020/02/29 6:46:13 PM GMT+3","Математика;Информатика","Да","Нет","Нет","Красный","Нет","Нет","Да","М","Физик","геометрия;алгебра","электричество","проектное программирование;программирование микроконтроллеров","ФРКТ"
"2020/02/29 6:46:41 PM GMT+3","Физика;Математика","Нет","Да","Да","Синий","Нет","Нет","Да","М","Физрук","геометрия;алгебра","механика;электричество","никакие","ЛФИ"
"2020/02/29 6:47:09 PM GMT+3","Математика;Информатика","Да","Да","Да","Желтый","Нет","Нет","Да","М","Физик","теорвер, комбинаторика","термодинамика","олимпиадные алгоритмы","ФПМИ"
"2020/02/29 6:47:18 PM GMT+3","Математика","Да","Нет","Нет","Белый","Нет","Нет","Да","F","Физик","алгебра;теорвер, комбинаторика","механика;термодинамика","олимпиадные алгоритмы","ФПМИ"
"2020/02/29 6:47:20 PM GMT+3","Математика;Информатика","Да","Да","Да","Красный","Нет","Нет","Да","F","Физик","теорвер, комбинаторика","электричество;термодинамика","никакие","ФПМИ"
"2020/02/29 6:48:00 PM GMT+3","Математика;Информатика","Да","Нет","Нет","Синий","Нет","Нет","Да","F","Физик","алгебра;теорвер, комбинаторика","термодинамика","олимпиадные алгоритмы","ФАКТ"
"2020/02/29 6:48:16 PM GMT+3","Математика;Информатика","Да","Нет","Нет","Синий","Нет","Нет","Да","F","Физик","алгебра","механика","никакие","ФАКТ"
"2020/02/29 6:49:09 PM GMT+3","Физика","Да","Да","Нет","Красный","Да","Нет","Да","М","Физик","алгебра","механика;электричество;термодинамика","никакие","ФАКТ"
"2020/02/29 6:49:52 PM GMT+3","Физика;Математика","Да","Нет","Да","Синий","Нет","Нет","Да","М","Физик","геометрия;алгебра","механика;электричество;оптика;термодинамика","никакие","ФЭФМ"
"2020/02/29 6:51:01 PM GMT+3","Физика;Математика;Информатика","Да","Нет","Нет","Синий","Нет","Нет","Да","М","Физик","теорвер, комбинаторика","механика;электричество;оптика;термодинамика","никакие","ФАКТ"
"2020/02/29 6:51:14 PM GMT+3","Математика;Информатика;Биология","Да","Нет","Да","Синий","Нет","Нет","Да","М","Физрук","геометрия;алгебра;теорвер, комбинаторика","электричество","олимпиадные алгоритмы","ФПМИ"
"2020/02/29 6:51:16 PM GMT+3","Физика;Математика;Информатика;Биология","Да","Нет","Да","Зеленый","Нет","Нет","Да","F","Физик","алгебра","механика;электричество;оптика;термодинамика","проектное программирование","ФБМФ"
"2020/02/29 6:51:26 PM GMT+3","Физика","Нет","Да","Да","Белый","Нет","Нет","Да","М","Физик","геометрия;алгебра;теорвер, комбинаторика","механика;электричество;оптика;термодинамика","никакие","ЛФИ"
"2020/02/29 6:51:35 PM GMT+3","Математика","Нет","Нет","Да","Синий","Нет","Нет","Да","F","Физик","геометрия","термодинамика","проектное программирование","ФПМИ"
"2020/02/29 6:51:40 PM GMT+3","Физика","Да","Нет","Да","Красный","Нет","Нет","Нет","F","Физик","алгебра","механика;электричество;оптика;термодинамика","никакие","ФПМИ"
"2020/02/29 6:51:43 PM GMT+3","Физика;Математика;Биология","Да","Нет","Да","Синий","Нет","Нет","Да","М","Физик","алгебра","механика;термодинамика","никакие","ЛФИ"
"2020/02/29 6:52:23 PM GMT+3","Физика;Математика;Информатика","Нет","Нет","Да","Синий","Нет","Нет","Да","М","Физик","теорвер, комбинаторика","механика;электричество;оптика;термодинамика","олимпиадные алгоритмы","ФПМИ"
"2020/02/29 6:52:36 PM GMT+3","Биология;Химия","Да","Нет","Да","Белый","Да","Да","Нет","F","Физрук","геометрия","оптика","никакие","ФПМИ"
"2020/02/29 6:53:06 PM GMT+3","Математика;Информатика;Биология;Химия","Да","Нет","Нет","Желтый","Нет","Нет","Да","F","Физик","геометрия","термодинамика","олимпиадные алгоритмы;проектное программирование;программирование микроконтроллеров","ФБМФ"
"2020/02/29 6:53:15 PM GMT+3","Физика;Биология;Химия","Нет","Нет","Нет","Красный","Да","Да","Да","F","Физик","алгебра","электричество;термодинамика","проектное программирование","ФБМФ"
"2020/02/29 6:53:17 PM GMT+3","Физика;Математика;Информатика;Биология;Химия","Да","Да","Да","Зеленый","Да","Нет","Да","F","Физик","геометрия;теорвер, комбинаторика","механика;электричество","олимпиадные алгоритмы","ФЭФМ"
"2020/02/29 6:53:42 PM GMT+3","Физика;Математика;Информатика","Да","Нет","Да","Зеленый","Нет","Нет","Да","М","Физик","геометрия;алгебра;теорвер, комбинаторика","механика;оптика;термодинамика","проектное программирование","ФПМИ"
"2020/02/29 6:54:29 PM GMT+3","Физика;Биология","Да","Нет","Да","Синий","Нет","Нет","Да","М","Физик","геометрия;теорвер, комбинаторика","механика;оптика","проектное программирование","ФЭФМ"
"2020/02/29 6:54:58 PM GMT+3","Физика;Математика;Информатика;Биология;Химия","Да","Да","Да","Синий","Да","Да","Да","М","Физик","геометрия;алгебра;теорвер, комбинаторика","механика;термодинамика","олимпиадные алгоритмы","ФПМИ"
"2020/02/29 6:55:34 PM GMT+3","Физика","Нет","Нет","Нет","Красный","Нет","Нет","Да","М","Физик","геометрия;алгебра","механика;электричество;оптика;термодинамика","никакие","ФЭФМ"
"2020/02/29 6:56:14 PM GMT+3","Математика;Информатика","Да","Да","Да","Белый","Да","Да","Да","М","Физик","теорвер, комбинаторика","электричество","проектное программирование","ФРКТ"
"2020/02/29 6:57:34 PM GMT+3","Математика;Биология","Да","Нет","Да","Красный","Нет","Нет","Да","М","Физик","алгебра","электричество;оптика","олимпиадные алгоритмы","ЛФИ"
"2020/02/29 6:57:35 PM GMT+3","Физика;Информатика","Да","Нет","Да","Синий","Нет","Нет","Да","М","Физик","геометрия;алгебра;теорвер, комбинаторика","механика;электричество;оптика;термодинамика","проектное программирование;программирование микроконтроллеров","ФРКТ"
"2020/02/29 6:57:38 PM GMT+3","Физика;Математика","Да","Да","Нет","Зеленый","Нет","Нет","Нет","М","Физик","геометрия;теорвер, комбинаторика","механика;электричество","никакие;олимпиадные алгоритмы","ЛФИ"
"2020/02/29 6:57:48 PM GMT+3","Математика","Да","Нет","Да","Красный","Нет","Нет","Да","М","Физик","теорвер, комбинаторика","механика;электричество;оптика;термодинамика","олимпиадные алгоритмы","ФПМИ"
"2020/02/29 6:57:50 PM GMT+3","Физика;Математика;Информатика;Биология;Химия","Нет","Нет","Да","Синий","Нет","Нет","Да","F","Физик","геометрия","механика;оптика","проектное программирование","ФБМФ"
"2020/02/29 6:57:52 PM GMT+3","Физика;Математика","Да","Нет","Нет","Красный","Нет","Нет","Да","F","Физик","геометрия;алгебра;теорвер, комбинаторика","электричество;термодинамика","никакие","ЛФИ"
"2020/02/29 6:58:39 PM GMT+3","Математика;Информатика","Да","Нет","Нет","Синий","Нет","Нет","Нет","F","Физик","алгебра","оптика","олимпиадные алгоритмы","ФПМИ"
"2020/02/29 6:58:39 PM GMT+3","Физика;Информатика","Да","Нет","Нет","Синий","Нет","Нет","Да","М","Физик","геометрия;теорвер, комбинаторика","электричество;термодинамика","проектное программирование;программирование микроконтроллеров","ФРКТ"
"2020/02/29 7:01:07 PM GMT+3","Физика;Математика;Информатика","Да","Нет","Да","Красный","Нет","Нет","Нет","F","Физик","теорвер, комбинаторика","механика;оптика;термодинамика","никакие","ФЭФМ"
"2020/02/29 7:01:09 PM GMT+3","Математика;Информатика","Да","Нет","Нет","Красный","Нет","Нет","Нет","М","Физик","теорвер, комбинаторика","электричество","никакие;проектное программирование","ФРКТ"
"2020/02/29 7:02:34 PM GMT+3","Физика","Да","Нет","Да","Красный","Нет","Нет","Да","М","Физик","алгебра;теорвер, комбинаторика","механика;электричество;оптика;термодинамика","никакие","ФРКТ"
"2020/02/29 7:03:19 PM GMT+3","Физика;Химия","Нет","Нет","Да","Синий","Нет","Нет","Да","F","Физик","алгебра","механика;термодинамика","проектное программирование","ФЭФМ"
"2020/02/29 7:05:16 PM GMT+3","Информатика","Да","Да","Нет","Красный","Нет","Нет","Да","F","Физик","алгебра","электричество","проектное программирование","ФРКТ"
"2020/02/29 7:05:16 PM GMT+3","Математика;Информатика","Да","Нет","Нет","Зеленый","Нет","Нет","Нет","М","Физик","геометрия","термодинамика","никакие","ФАКТ"
"2020/02/29 7:06:38 PM GMT+3","Физика;Информатика","Да","Нет","Нет","Зеленый","Нет","Нет","Да","М","Физик","геометрия;алгебра;теорвер, комбинаторика","механика;электричество","олимпиадные алгоритмы","ЛФИ"
"2020/02/29 7:06:42 PM GMT+3","Математика;Информатика","Да","Нет","Да","Синий","Нет","Нет","Да","М","Физик","алгебра","механика;оптика;термодинамика","олимпиадные алгоритмы","ФПМИ"
"2020/02/29 7:07:45 PM GMT+3","Физика;Информатика","Да","Нет","Да","Белый","Нет","Нет","Нет","М","Физик","теорвер, комбинаторика","механика;электричество;оптика;термодинамика","проектное программирование;программирование микроконтроллеров","ФРКТ"
"2020/02/29 7:07:46 PM GMT+3","Физика;Математика;Информатика;Биология;Химия","Да","Нет","Да","Красный","Нет","Нет","Нет","F","Физик","геометрия;алгебра","механика;электричество;оптика","никакие","ФПМИ"
"2020/02/29 7:09:15 PM GMT+3","Физика;Математика;Информатика","Да","Нет","Да","Синий","Нет","Нет","Да","М","Физик","алгебра","механика;электричество;термодинамика","олимпиадные алгоритмы;проектное программирование","ЛФИ"
"2020/02/29 7:09:43 PM GMT+3","Математика;Химия","Нет","Нет","Да","Красный","Да","Да","Да","F","Физик","алгебра","механика","никакие","ФЭФМ"
"2020/02/29 7:10:45 PM GMT+3","Математика;Информатика","Да","Да","Да","Синий","Нет","Нет","Нет","М","Физик","геометрия;алгебра","термодинамика","никакие","ФПМИ"
"2020/02/29 7:11:30 PM GMT+3","Физика;Математика","Да","Да","Да","Белый","Да","Нет","Да","М","Физик","алгебра","электричество","никакие","ЛФИ"
"2020/02/29 7:12:49 PM GMT+3","Математика","Да","Да","Да","Синий","Нет","Нет","Нет","F","Физик","алгебра;теорвер, комбинаторика","механика;термодинамика","никакие","ФАКТ"
"2020/02/29 7:17:27 PM GMT+3","Физика;Математика","Да","Нет","Да","Красный","Нет","Да","Да","F","Физик","алгебра;теорвер, комбинаторика","механика;электричество;оптика;термодинамика","олимпиадные алгоритмы;проектное программирование","ФАКТ"
"2020/02/29 7:19:26 PM GMT+3","Математика;Информатика","Да","Нет","Да","Красный","Нет","Нет","Да","М","Физик","теорвер, комбинаторика","механика;электричество","проектное программирование;программирование микроконтроллеров","ФРКТ"
"2020/02/29 7:19:34 PM GMT+3","Математика;Информатика","Да","Нет","Да","Синий","Нет","Нет","Нет","М","Физик","теорвер, комбинаторика","термодинамика","никакие","ЛФИ"
"2020/02/29 7:20:30 PM GMT+3","Физика;Математика;Информатика","Да","Нет","Нет","Желтый","Нет","Нет","Да","F","Физик","алгебра","механика;электричество;оптика;термодинамика","никакие;олимпиадные алгоритмы","ФБМФ"
"2020/02/29 7:22:06 PM GMT+3","Физика;Информатика","Да","Нет","Да","Зеленый","Нет","Нет","Нет","М","Физик","теорвер, комбинаторика","механика;электричество;оптика;термодинамика","проектное программирование","ЛФИ"
"2020/02/29 7:26:26 PM GMT+3","Математика;Химия","Нет","Нет","Нет","Красный","Нет","Нет","Да","М","Физик","алгебра","механика;электричество","никакие","ФБМФ"
"2020/02/29 7:26:49 PM GMT+3","Физика;Математика","Да","Нет","Да","Синий","Нет","Нет","Да","М","Физик","алгебра","механика;электричество;оптика;термодинамика","никакие","ЛФИ"
"2020/02/29 7:27:51 PM GMT+3","Физика;Математика","Да","Нет","Да","Зеленый","Нет","Нет","Да","М","Физик","алгебра","термодинамика","олимпиадные алгоритмы","ЛФИ"
"2020/02/29 7:28:59 PM GMT+3","Физика;Математика","Да","Да","Да","Красный","Нет","Нет","Нет","F","Физик","геометрия","оптика;термодинамика","никакие","ЛФИ"
"2020/02/29 7:33:01 PM GMT+3","Математика;Биология;Химия","Да","Нет","Нет","Желтый","Нет","Нет","Да","F","Физик","алгебра","электричество;термодинамика","никакие","ФБМФ"
"2020/02/29 7:33:16 PM GMT+3","Математика;Информатика","Да","Да","Да","Белый","Нет","Нет","Да","М","Физик","геометрия;алгебра;теорвер, комбинаторика","механика;электричество;термодинамика","олимпиадные алгоритмы;проектное программирование","ФПМИ"
"2020/02/29 7:34:09 PM GMT+3","Физика;Математика;Информатика","Нет","Да","Да","Синий","Нет","Нет","Да","М","Физик","алгебра","механика;оптика;термодинамика","проектное программирование;программирование микроконтроллеров","ФАКТ"
"2020/02/29 7:35:00 PM GMT+3","Физика;Математика;Биология;Химия","Да","Нет","Нет","Белый","Нет","Нет","Да","F","Физик","алгебра","механика;термодинамика","никакие","ФАКТ"
"2020/02/29 7:35:01 PM GMT+3","Физика;Химия","Да","Нет","Нет","Синий","Нет","Нет","Да","М","Физик","теорвер, комбинаторика","оптика;термодинамика","никакие","ФЭФМ"
"2020/02/29 7:35:01 PM GMT+3","Математика;Информатика","Да","Да","Да","Белый","Нет","Нет","Да","М","Физик","геометрия;алгебра;теорвер, комбинаторика","механика;электричество;термодинамика","олимпиадные алгоритмы;проектное программирование","ФПМИ"
"2020/02/29 7:35:32 PM GMT+3","Физика","Нет","Нет","Да","Синий","Да","Нет","Да","М","Физик","геометрия;теорвер, комбинаторика","механика;электричество;оптика","никакие","ФАКТ"
"2020/02/29 7:35:34 PM GMT+3","Биология;Химия","Нет","Нет","Нет","Красный","Нет","Нет","Да","F","Физик","геометрия","термодинамика","олимпиадные алгоритмы","ФЭФМ"
"2020/02/29 7:36:46 PM GMT+3","Информатика","Да","Нет","Да","Белый","Нет","Нет","Да","М","Физик","теорвер, комбинаторика","механика;оптика","олимпиадные алгоритмы","ФАКТ"
"2020/02/29 7:38:02 PM GMT+3","Физика;Математика;Биология;Химия","Да","Да","Да","Зеленый","Нет","Нет","Да","F","Физик","алгебра","электричество;термодинамика","никакие","ФБМФ"
"2020/02/29 7:38:09 PM GMT+3","Физика;Математика;Информатика","Да","Да","Да","Зеленый","Нет","Нет","Нет","М","Физик","геометрия","механика;оптика","никакие","ЛФИ"
"2020/02/29 7:44:37 PM GMT+3","Физика;Математика","Нет","Нет","Да","Синий","Нет","Нет","Нет","М","Физик","геометрия;алгебра","электричество;оптика;термодинамика","никакие","ЛФИ"
"2020/02/29 7:49:37 PM GMT+3","Биология","Да","Нет","Нет","Зеленый","Нет","Нет","Нет","F","Физик","геометрия","термодинамика","никакие","ФБМФ"
"2020/02/29 7:50:59 PM GMT+3","Физика;Математика","Да","Нет","Да","Желтый","Да","Да","Да","М","Физик","геометрия;алгебра","термодинамика","никакие","ЛФИ"
"2020/02/29 7:51:41 PM GMT+3","Математика;Информатика","Да","Нет","Да","Зеленый","Нет","Нет","Да","М","Физик","теорвер, комбинаторика","оптика","олимпиадные алгоритмы","ФПМИ"
"2020/02/29 7:53:57 PM GMT+3","Физика;Информатика","Да","Нет","Нет","Синий","Нет","Нет","Да","М","Физик","геометрия;алгебра","электричество;термодинамика","проектное программирование;программирование микроконтроллеров","ФРКТ"
"2020/02/29 7:59:39 PM GMT+3","Математика","Да","Нет","Нет","Зеленый","Нет","Нет","Нет","М","Физик","теорвер, комбинаторика","оптика","никакие","ФПМИ"
"2020/02/29 8:01:12 PM GMT+3","Физика;Математика;Информатика","Нет","Да","Нет","Синий","Нет","Нет","Да","М","Физик","алгебра","механика;электричество;оптика;термодинамика","никакие","ФАКТ"
"2020/02/29 8:05:19 PM GMT+3","Математика","Да","Нет","Да","Красный","Нет","Нет","Да","М","Физик","алгебра","электричество","никакие","ЛФИ"
"2020/02/29 8:07:53 PM GMT+3","Математика;Информатика;Химия","Да","Нет","Нет","Желтый","Нет","Нет","Нет","F","Физик","геометрия;теорвер, комбинаторика","механика","олимпиадные алгоритмы","ФПМИ"
"2020/02/29 8:08:59 PM GMT+3","Физика;Математика;Информатика","Да","Да","Нет","Желтый","Нет","Нет","Да","М","Физик","алгебра;теорвер, комбинаторика","механика;термодинамика","олимпиадные алгоритмы","ФАКТ"
"2020/02/29 8:09:47 PM GMT+3","Физика;Математика;Информатика;Биология;Химия","Да","Да","Да","Красный","Да","Нет","Да","М","Физик","теорвер, комбинаторика","электричество;оптика;термодинамика","олимпиадные алгоритмы","ФБМФ"
"2020/02/29 8:10:27 PM GMT+3","Физика;Математика;Информатика","Да","Нет","Да","Красный","Нет","Нет","Нет","М","Физик","геометрия;алгебра;теорвер, комбинаторика","механика","никакие","ЛФИ"
"2020/02/29 8:12:47 PM GMT+3","Физика;Информатика","Да","Нет","Да","Красный","Нет","Нет","Да","М","Физик","теорвер, комбинаторика","механика;электричество","проектное программирование;программирование микроконтроллеров","ФРКТ"
"2020/02/29 8:15:57 PM GMT+3","Математика;Информатика","Да","Да","Нет","Зеленый","Нет","Нет","Нет","М","Физик","геометрия;алгебра","электричество","олимпиадные алгоритмы","ФПМИ"
"2020/02/29 8:16:46 PM GMT+3","Математика;Информатика","Да","Да","Нет","Красный","Нет","Нет","Нет","М","Физик","алгебра","электричество;оптика","проектное программирование","ФРКТ"
"2020/02/29 8:24:28 PM GMT+3","Физика;Биология;Химия","Да","Нет","Да","Зеленый","Нет","Нет","Нет","М","Физик","геометрия","термодинамика","никакие","ФБМФ"
"2020/02/29 8:25:50 PM GMT+3","Физика;Математика;Информатика","Да","Да","Да","Желтый","Нет","Нет","Нет","F","Физик","теорвер, комбинаторика","электричество","олимпиадные алгоритмы","ФЭФМ"
"2020/02/29 8:26:21 PM GMT+3","Математика;Информатика","Да","Да","Да","Зеленый","Нет","Нет","Да","М","Физик","алгебра","механика","проектное программирование","ФПМИ"
"2020/02/29 8:27:41 PM GMT+3","Физика;Математика;Информатика;Биология","Да","Нет","Да","Синий","Нет","Нет","Нет","М","Физик","алгебра;теорвер, комбинаторика","механика;электричество;термодинамика","олимпиадные алгоритмы;проектное программирование","ФЭФМ"
"2020/02/29 8:30:14 PM GMT+3","Физика;Математика","Нет","Нет","Да","Красный","Да","Нет","Да","М","Физик","геометрия;алгебра;теорвер, комбинаторика","механика;электричество;оптика;термодинамика","никакие","ЛФИ"
"2020/02/29 8:43:11 PM GMT+3","Физика;Химия","Да","Нет","Да","Синий","Нет","Нет","Да","F","Физик","алгебра;теорвер, комбинаторика","электричество;термодинамика","проектное программирование","ФБМФ"
"2020/02/29 8:44:33 PM GMT+3","Математика","Да","Нет","Да","Синий","Нет","Нет","Да","F","Физик","алгебра","механика;электричество","олимпиадные алгоритмы","ФАКТ"
"2020/02/29 8:47:24 PM GMT+3","Физика;Математика;Информатика;Биология;Химия","Нет","Нет","Нет","Белый","Нет","Нет","Нет","F","Физик","геометрия;алгебра;теорвер, комбинаторика","механика;электричество;оптика;термодинамика","никакие","ФАКТ"
"2020/02/29 8:50:03 PM GMT+3","Биология;Химия","Нет","Нет","Да","Синий","Нет","Нет","Да","F","Физик","алгебра","механика;оптика;термодинамика","никакие","ФБМФ"
"2020/02/29 8:50:08 PM GMT+3","Физика;Математика;Информатика","Нет","Нет","Да","Зеленый","Нет","Нет","Да","М","Физик","теорвер, комбинаторика","электричество","олимпиадные алгоритмы;проектное программирование","ФПМИ"
"2020/02/29 8:52:13 PM GMT+3","Биология;Химия","Да","Нет","Нет","Зеленый","Нет","Нет","Да","F","Физик","теорвер, комбинаторика","электричество;термодинамика","проектное программирование","ФБМФ"
"2020/02/29 8:57:40 PM GMT+3","Математика;Информатика","Да","Нет","Да","Зеленый","Нет","Нет","Нет","М","Физик","алгебра;теорвер, комбинаторика","механика;термодинамика","олимпиадные алгоритмы;проектное программирование","ФАКТ"
"2020/02/29 9:01:25 PM GMT+3","Физика;Математика;Биология;Химия","Да","Да","Нет","Зеленый","Нет","Нет","Да","М","Физик","алгебра","электричество;термодинамика","проектное программирование","ФБМФ"
"2020/02/29 9:06:29 PM GMT+3","Физика;Математика;Информатика","Да","Нет","Нет","Синий","Нет","Нет","Да","М","Физик","геометрия;алгебра","электричество;оптика","никакие","ФЭФМ"
"2020/02/29 9:06:37 PM GMT+3","Физика;Математика;Информатика","Да","Нет","Нет","Синий","Да","Да","Да","М","Физик","алгебра;теорвер, комбинаторика","электричество;оптика;термодинамика","олимпиадные алгоритмы;проектное программирование","ФЭФМ"
"2020/02/29 9:07:54 PM GMT+3","Математика","Да","Нет","Да","Зеленый","Нет","Нет","Да","F","Физик","алгебра","оптика","никакие","ФЭФМ"
"2020/02/29 9:09:54 PM GMT+3","Физика;Математика;Информатика","Да","Да","Да","Синий","Нет","Нет","Нет","М","Физик","алгебра;теорвер, комбинаторика","электричество;термодинамика","олимпиадные алгоритмы;проектное программирование","ФПМИ"
"2020/02/29 9:11:04 PM GMT+3","Физика;Математика","Да","Да","Да","Желтый","Нет","Нет","Да","М","Физик","алгебра;теорвер, комбинаторика","механика;термодинамика","никакие","ФЭФМ"
"2020/02/29 9:12:26 PM GMT+3","Физика;Математика;Информатика","Нет","Нет","Да","Синий","Да","Да","Да","М","Физик","алгебра","механика;электричество;оптика","олимпиадные алгоритмы;проектное программирование","ФРКТ"
"2020/02/29 9:14:14 PM GMT+3","Физика;Математика;Информатика","Да","Нет","Да","Синий","Нет","Нет","Да","М","Физик","алгебра","механика;электричество;термодинамика","проектное программирование","ФЭФМ"
"2020/02/29 9:18:06 PM GMT+3","Математика;Биология","Нет","Нет","Да","Белый","Нет","Нет","Да","F","Физрук","теорвер, комбинаторика","термодинамика","никакие","ФЭФМ"
"2020/02/29 9:19:59 PM GMT+3","Физика;Информатика","Нет","Нет","Да","Зеленый","Нет","Нет","Да","М","Физик","теорвер, комбинаторика","механика;электричество;оптика;термодинамика","программирование микроконтроллеров","ФЭФМ"
"2020/02/29 9:20:32 PM GMT+3","Физика;Математика","Да","Да","Нет","Зеленый","Нет","Нет","Да","М","Физик","алгебра","термодинамика","никакие","ЛФИ"
"2020/02/29 9:21:04 PM GMT+3","Информатика","Да","Нет","Нет","Зеленый","Нет","Нет","Да","М","Физик","теорвер, комбинаторика","механика;электричество;термодинамика","олимпиадные алгоритмы;программирование микроконтроллеров","ФПМИ"
"2020/02/29 9:28:06 PM GMT+3","Физика;Математика","Да","Нет","Нет","Зеленый","Да","Да","Да","М","Физик","алгебра;теорвер, комбинаторика","механика;термодинамика","олимпиадные алгоритмы","ФЭФМ"
"2020/02/29 9:28:11 PM GMT+3","Физика;Математика","Да","Нет","Нет","Зеленый","Да","Да","Да","М","Физик","алгебра;теорвер, комбинаторика","механика;термодинамика","олимпиадные алгоритмы","ФЭФМ"
"2020/02/29 9:30:40 PM GMT+3","Физика;Математика","Да","Нет","Да","Синий","Нет","Нет","Да","М","Физик","геометрия;алгебра","электричество;оптика","никакие","ЛФИ"
"2020/02/29 9:32:53 PM GMT+3","Физика","Да","Нет","Нет","Зеленый","Нет","Нет","Да","UnKnown","Физик","геометрия","оптика","никакие","ФЭФМ"
"2020/02/29 9:35:55 PM GMT+3","Физика;Математика;Информатика;Химия","Да","Нет","Нет","Зеленый","Нет","Нет","Да","М","Физик","алгебра;теорвер, комбинаторика","механика;термодинамика","олимпиадные алгоритмы","ФЭФМ"
"2020/02/29 9:38:56 PM GMT+3","Математика","Нет","Нет","Да","Красный","Нет","Нет","Нет","F","Физик","геометрия;алгебра","электричество;оптика;термодинамика","никакие","ФЭФМ"
"2020/02/29 9:40:44 PM GMT+3","Физика","Да","Нет","Да","Синий","Нет","Нет","Да","F","Физик","алгебра","оптика","никакие","ФЭФМ"
"2020/02/29 9:42:35 PM GMT+3","Физика;Математика;Биология","Нет","Нет","Нет","Белый","Нет","Нет","Да","М","Физик","алгебра","механика;электричество;оптика;термодинамика","проектное программирование","ФБМФ"
"2020/02/29 9:44:15 PM GMT+3","Физика;Математика;Информатика","Нет","Да","Да","Зеленый","Да","Да","Да","М","Физик","геометрия;алгебра;теорвер, комбинаторика","механика;электричество;оптика;термодинамика","никакие","ФАКТ"
"2020/02/29 9:44:21 PM GMT+3","Физика;Математика;Информатика","Нет","Да","Да","Зеленый","Да","Да","Да","М","Физик","геометрия;алгебра;теорвер, комбинаторика","механика;электричество;оптика;термодинамика","никакие","ФАКТ"
"2020/02/29 9:44:25 PM GMT+3","Физика;Математика;Информатика","Нет","Да","Да","Зеленый","Да","Да","Да","М","Физик","геометрия;алгебра;теорвер, комбинаторика","механика;электричество;оптика;термодинамика","никакие","ФАКТ"
"2020/02/29 9:51:24 PM GMT+3","Физика;Математика;Информатика","Да","Нет","Да","Белый","Нет","Нет","Да","UnKnown","Физик","геометрия;алгебра;теорвер, комбинаторика","механика;оптика;термодинамика","проектное программирование","ФПМИ"
"2020/02/29 9:55:30 PM GMT+3","Физика;Математика;Информатика;Биология","Да","Да","Да","Синий","Нет","Нет","Да","М","Физик","теорвер, комбинаторика","термодинамика","олимпиадные алгоритмы","ФЭФМ"
"2020/02/29 10:00:32 PM GMT+3","Физика;Математика","Да","Нет","Да","Синий","Нет","Нет","Да","М","Физик","алгебра","механика;электричество;оптика;термодинамика","никакие","ФПМИ"
"2020/02/29 10:01:13 PM GMT+3","Математика;Информатика","Да","Да","Да","Белый","Нет","Нет","Нет","М","Физик","алгебра","электричество","программирование микроконтроллеров","ФПМИ"
"2020/02/29 10:03:17 PM GMT+3","Математика","Нет","Нет","Да","Белый","Нет","Нет","Да","М","Физик","алгебра","электричество;термодинамика","никакие","ЛФИ"
"2020/02/29 10:09:45 PM GMT+3","Математика;Информатика","Да","Да","Да","Желтый","Нет","Нет","Да","М","Физик","алгебра;теорвер, комбинаторика","оптика","проектное программирование;программирование микроконтроллеров","ФРКТ"
"2020/02/29 10:10:28 PM GMT+3","Математика","Да","Нет","Да","Белый","Нет","Нет","Да","F","Физик","теорвер, комбинаторика","электричество;термодинамика","никакие","ФПМИ"
"2020/02/29 10:10:44 PM GMT+3","Математика","Да","Нет","Нет","Зеленый","Нет","Нет","Да","UnKnown","Физрук","теорвер, комбинаторика","механика","олимпиадные алгоритмы","ФРКТ"
"2020/02/29 10:18:19 PM GMT+3","Математика","Да","Нет","Да","Зеленый","Нет","Нет","Да","F","Физик","геометрия","механика","никакие","ФАКТ"
"2020/02/29 10:23:34 PM GMT+3","Физика;Математика;Информатика","Да","Да","Да","Красный","Нет","Нет","Нет","М","Физик","теорвер, комбинаторика","механика;электричество;оптика;термодинамика","проектное программирование;программирование микроконтроллеров","ФРКТ"
"2020/02/29 10:30:21 PM GMT+3","Физика;Математика;Информатика","Да","Нет","Нет","Синий","Нет","Нет","Да","М","Физрук","геометрия","механика;электричество;оптика;термодинамика","олимпиадные алгоритмы;проектное программирование","ФРКТ"
"2020/02/29 10:40:43 PM GMT+3","Физика;Информатика","Да","Нет","Нет","Синий","Да","Да","Да","F","Физик","теорвер, комбинаторика","механика;электричество;оптика;термодинамика","олимпиадные алгоритмы;проектное программирование;программирование микроконтроллеров","ФРКТ"
"2020/02/29 10:43:02 PM GMT+3","Физика","Да","Нет","Да","Зеленый","Нет","Нет","Нет","М","Физик","теорвер, комбинаторика","электричество;оптика","никакие","ФПМИ"
"2020/02/29 10:45:44 PM GMT+3","Физика;Математика","Нет","Нет","Нет","Зеленый","Да","Да","Да","М","Физик","алгебра","электричество","никакие","ЛФИ"
"2020/02/29 10:54:54 PM GMT+3","Математика;Биология;Химия","Да","Нет","Да","Синий","Нет","Нет","Да","F","Физик","теорвер, комбинаторика","электричество","никакие","ФЭФМ"
"2020/02/29 10:57:53 PM GMT+3","Физика;Информатика","Да","Нет","Нет","Зеленый","Нет","Нет","Да","М","Физик","геометрия;алгебра","электричество","проектное программирование;программирование микроконтроллеров","ФРКТ"
"2020/02/29 10:59:24 PM GMT+3","Физика;Математика;Информатика","Да","Да","Нет","Белый","Нет","Нет","Да","F","Физик","геометрия;алгебра;теорвер, комбинаторика","механика;электричество;оптика;термодинамика","олимпиадные алгоритмы","ФПМИ"
"2020/02/29 11:00:37 PM GMT+3","Физика;Математика","Да","Нет","Нет","Зеленый","Нет","Нет","Да","F","Физик","алгебра","электричество;термодинамика","никакие","ФЭФМ"
"2020/02/29 11:03:53 PM GMT+3","Математика;Информатика","Да","Нет","Нет","Белый","Нет","Нет","Да","М","Физик","теорвер, комбинаторика","механика;электричество;оптика;термодинамика","никакие;олимпиадные алгоритмы;проектное программирование;программирование микроконтроллеров","ФАКТ"
"2020/02/29 11:21:38 PM GMT+3","Математика;Биология;Химия","Да","Нет","Нет","Белый","Нет","Нет","Да","М","Физрук","геометрия","электричество","никакие","ФБМФ"
"2020/03/01 12:12:34 AM GMT+3","Физика;Биология;Химия","Да","Нет","Да","Синий","Нет","Нет","Да","F","Физик","теорвер, комбинаторика","термодинамика","никакие","ЛФИ"
"2020/03/01 12:18:53 AM GMT+3","Физика","Нет","Да","Нет","Красный","Нет","Нет","Да","F","Физик","теорвер, комбинаторика","механика;термодинамика","никакие","ФРКТ"
"2020/03/01 12:40:43 AM GMT+3","Физика;Математика","Нет","Нет","Нет","Синий","Нет","Нет","Да","UnKnown","Физрук","алгебра","электричество","никакие","ЛФИ"
"2020/03/01 12:48:18 AM GMT+3","Физика;Математика;Информатика","Да","Нет","Да","Красный","Нет","Нет","Да","М","Физик","алгебра","механика;электричество","проектное программирование;программирование микроконтроллеров","ФПМИ"
"2020/03/01 12:54:43 AM GMT+3","Информатика;Биология","Да","Нет","Нет","Желтый","Нет","Нет","Да","F","Физик","геометрия","механика;оптика;термодинамика","никакие","ФАКТ"
"2020/03/01 1:02:23 AM GMT+3","Физика;Информатика","Нет","Да","Нет","Белый","Нет","Нет","Нет","М","Физик","теорвер, комбинаторика","механика","олимпиадные алгоритмы","ФПМИ"